{
  "project_info": {
    "project_number": "914410787261",
    "project_id": "digital-detox-d738f",
    "storage_bucket": "digital-detox-d738f.firebasestorage.app"
  },
  "client": [
    {
      "client_info": {
        "mobilesdk_app_id": "1:914410787261:android:c58971155f03e0c06542d4",
        "android_client_info": {
          "package_name": "com.digitaldetox.app"
        }
      },
      "oauth_client": [],
      "api_key": [
        {
          "current_key": "AIzaSyATGkikPws0W1_HwTQeYF56KEgf4IxbAY4"
        }
      ],
      "services": {
        "appinvite_service": {
          "other_platform_oauth_client": []
        }
      }
    }
  ],
  "configuration_version": "1"
}